{
	"info": {
		"_postman_id": "5c59ee91-2c71-4457-bda7-8d0c51b5c987",
		"name": "LARAVEL JUEGOS API (localhost)",
		"schema": "https://schema.getpostman.com/json/collection/v2.1.0/collection.json"
	},
	"item": [
		{
			"name": "Auth",
			"item": [
				{
					"name": "Login",
					"request": {
						"method": "POST",
						"header": [],
						"body": {
							"mode": "formdata",
							"formdata": [
								{
									"key": "email",
									"value": "admin@email.com",
									"type": "text"
								},
								{
									"key": "password",
									"value": "12345678",
									"type": "text"
								}
							]
						},
						"url": {
							"raw": "localhost:8000/api/auth/login",
							"host": [
								"localhost"
							],
							"port": "8000",
							"path": [
								"api",
								"auth",
								"login"
							]
						}
					},
					"response": []
				},
				{
					"name": "Logout",
					"request": {
						"method": "POST",
						"header": [
							{
								"key": "Authorization",
								"value": "Introduzca el token!!!",
								"type": "text"
							}
						],
						"body": {
							"mode": "formdata",
							"formdata": []
						},
						"url": {
							"raw": "localhost:8000/api/auth/logout",
							"host": [
								"localhost"
							],
							"port": "8000",
							"path": [
								"api",
								"auth",
								"logout"
							]
						}
					},
					"response": []
				},
				{
					"name": "Userinfo",
					"protocolProfileBehavior": {
						"disableBodyPruning": true
					},
					"request": {
						"method": "GET",
						"header": [
							{
								"key": "Authorization",
								"value": "Introduzca el token!!!",
								"type": "text"
							}
						],
						"body": {
							"mode": "formdata",
							"formdata": []
						},
						"url": {
							"raw": "localhost:8000/api/auth/userinfo",
							"host": [
								"localhost"
							],
							"port": "8000",
							"path": [
								"api",
								"auth",
								"userinfo"
							]
						}
					},
					"response": []
				},
				{
					"name": "Register",
					"request": {
						"method": "POST",
						"header": [],
						"body": {
							"mode": "formdata",
							"formdata": [
								{
									"key": "name",
									"value": "test",
									"type": "text"
								},
								{
									"key": "email",
									"value": "test@email.com",
									"type": "text"
								},
								{
									"key": "password",
									"value": "12345678",
									"type": "text"
								},
								{
									"key": "password_confirmation",
									"value": "12345678",
									"type": "text"
								}
							]
						},
						"url": {
							"raw": "localhost:8000/api/auth/register",
							"host": [
								"localhost"
							],
							"port": "8000",
							"path": [
								"api",
								"auth",
								"register"
							]
						}
					},
					"response": []
				},
				{
					"name": "Check",
					"protocolProfileBehavior": {
						"disableBodyPruning": true
					},
					"request": {
						"method": "GET",
						"header": [
							{
								"key": "Authorization",
								"value": "Introduzca el token!!!",
								"type": "text"
							}
						],
						"body": {
							"mode": "formdata",
							"formdata": [
								{
									"key": "email",
									"value": "admin@email.com",
									"type": "text"
								},
								{
									"key": "password",
									"value": "12345678",
									"type": "text"
								}
							]
						},
						"url": {
							"raw": "localhost:8000/api/auth/check",
							"host": [
								"localhost"
							],
							"port": "8000",
							"path": [
								"api",
								"auth",
								"check"
							]
						}
					},
					"response": []
				},
				{
					"name": "Delete user",
					"request": {
						"method": "DELETE",
						"header": [
							{
								"key": "Authorization",
								"value": "Introduzca el token!!!",
								"type": "text"
							}
						],
						"body": {
							"mode": "formdata",
							"formdata": []
						},
						"url": {
							"raw": "localhost:8000/api/auth/delete",
							"host": [
								"localhost"
							],
							"port": "8000",
							"path": [
								"api",
								"auth",
								"delete"
							]
						}
					},
					"response": []
				}
			]
		},
		{
			"name": "Juegos",
			"item": [
				{
					"name": "Desarrolladora",
					"item": [
						{
							"name": "Get Juegos desarrolladoras",
							"request": {
								"method": "GET",
								"header": [],
								"url": {
									"raw": "http://localhost:8000/api/juegos/desarrolladoras/from-software",
									"protocol": "http",
									"host": [
										"localhost"
									],
									"port": "8000",
									"path": [
										"api",
										"juegos",
										"desarrolladoras",
										"from-software"
									],
									"query": [
										{
											"key": "",
											"value": "",
											"disabled": true
										}
									]
								}
							},
							"response": []
						},
						{
							"name": "Get all desarrolladora",
							"request": {
								"method": "GET",
								"header": [],
								"url": {
									"raw": "http://localhost:8000/api/juegos/desarrolladoras/show/all",
									"protocol": "http",
									"host": [
										"localhost"
									],
									"port": "8000",
									"path": [
										"api",
										"juegos",
										"desarrolladoras",
										"show",
										"all"
									],
									"query": [
										{
											"key": "",
											"value": "",
											"disabled": true
										}
									]
								}
							},
							"response": []
						}
					]
				},
				{
					"name": "Generos",
					"item": [
						{
							"name": "Get all generos",
							"request": {
								"method": "GET",
								"header": [],
								"url": {
									"raw": "http://localhost:8000/api/juegos/generos/show/all",
									"protocol": "http",
									"host": [
										"localhost"
									],
									"port": "8000",
									"path": [
										"api",
										"juegos",
										"generos",
										"show",
										"all"
									],
									"query": [
										{
											"key": "",
											"value": "",
											"disabled": true
										}
									]
								}
							},
							"response": []
						},
						{
							"name": "Get juegos genero",
							"request": {
								"method": "GET",
								"header": [],
								"url": {
									"raw": "http://localhost:8000/api/juegos/generos/carreras",
									"protocol": "http",
									"host": [
										"localhost"
									],
									"port": "8000",
									"path": [
										"api",
										"juegos",
										"generos",
										"carreras"
									],
									"query": [
										{
											"key": "",
											"value": "",
											"disabled": true
										}
									]
								}
							},
							"response": []
						}
					]
				},
				{
					"name": "Add game",
					"protocolProfileBehavior": {
						"disabledSystemHeaders": {
							"accept": true
						}
					},
					"request": {
						"auth": {
							"type": "noauth"
						},
						"method": "POST",
						"header": [
							{
								"key": "API-KEY",
								"value": "$2y$10$f01jcbsMhFuNif8yHAotQuGr4OaqwfXi6g96Y4DHVIkw3HjQgMwMu",
								"type": "text"
							},
							{
								"key": "Accept",
								"value": "application/json",
								"type": "text"
							},
							{
								"key": "Authorization",
								"value": "Introduzca el token!!!",
								"type": "text"
							}
						],
						"body": {
							"mode": "formdata",
							"formdata": [
								{
									"key": "nombre",
									"value": "test123",
									"type": "text"
								},
								{
									"key": "descripcion",
									"value": "escribiendo...",
									"type": "text"
								},
								{
									"key": "desarrolladora",
									"value": "Test123 Studios",
									"type": "text"
								},
								{
									"key": "fecha",
									"value": "2020-08-01",
									"type": "text"
								},
								{
									"key": "imagen",
									"value": "data:image/png;base64,iVBORw0KGgoAAAANSUhEUgAAAAEAAAABCAYAAAAfFcSJAAAADUlEQVR42mNkYPj/HwADBwIAMCbHYQAAAABJRU5ErkJggg==",
									"type": "text"
								},
								{
									"key": "generos[]",
									"value": "aventura-grafica",
									"type": "text"
								},
								{
									"key": "generos[]",
									"value": "plataformas",
									"type": "text"
								},
								{
									"key": "generos[]",
									"value": "simulacion",
									"type": "text"
								}
							],
							"options": {
								"raw": {
									"language": "json"
								}
							}
						},
						"url": {
							"raw": "localhost:8000/api/juegos",
							"host": [
								"localhost"
							],
							"port": "8000",
							"path": [
								"api",
								"juegos"
							]
						}
					},
					"response": []
				},
				{
					"name": "Get slug game",
					"request": {
						"auth": {
							"type": "noauth"
						},
						"method": "GET",
						"header": [],
						"url": {
							"raw": "http://localhost:8000/api/juegos/test123",
							"protocol": "http",
							"host": [
								"localhost"
							],
							"port": "8000",
							"path": [
								"api",
								"juegos",
								"test123"
							],
							"query": [
								{
									"key": "",
									"value": "",
									"disabled": true
								}
							]
						}
					},
					"response": []
				},
				{
					"name": "Get all games",
					"request": {
						"method": "GET",
						"header": [],
						"url": {
							"raw": "http://localhost:8000/api/juegos/",
							"protocol": "http",
							"host": [
								"localhost"
							],
							"port": "8000",
							"path": [
								"api",
								"juegos",
								""
							],
							"query": [
								{
									"key": "",
									"value": "",
									"disabled": true
								}
							]
						}
					},
					"response": []
				},
				{
					"name": "Search games",
					"request": {
						"method": "POST",
						"header": [
							{
								"key": "",
								"value": "application/json",
								"type": "text",
								"disabled": true
							}
						],
						"url": {
							"raw": "http://localhost:8000/api/juegos/filter/search?search=dark&filter=fecha&order=ASC",
							"protocol": "http",
							"host": [
								"localhost"
							],
							"port": "8000",
							"path": [
								"api",
								"juegos",
								"filter",
								"search"
							],
							"query": [
								{
									"key": "search",
									"value": "dark"
								},
								{
									"key": "filter",
									"value": "fecha"
								},
								{
									"key": "order",
									"value": "ASC"
								}
							]
						}
					},
					"response": []
				},
				{
					"name": "Edit game",
					"request": {
						"method": "POST",
						"header": [
							{
								"key": "Authorization",
								"value": "Introduzca el token!!!",
								"type": "text"
							}
						],
						"body": {
							"mode": "formdata",
							"formdata": [
								{
									"key": "nombre",
									"value": "test123",
									"type": "text"
								},
								{
									"key": "descripcion",
									"value": "escribiendo...",
									"type": "text"
								},
								{
									"key": "desarrolladora",
									"value": "STUDIO TEST 123",
									"type": "text"
								},
								{
									"key": "fecha",
									"value": "2020-08-05",
									"type": "text"
								},
								{
									"key": "imagen",
									"value": "data:image/png;base64,iVBORw0KGgoAAAANSUhEUgAAAAEAAAABCAYAAAAfFcSJAAAADUlEQVR42mNkYPj/HwADBwIAMCbHYQAAAABJRU5ErkJggg==",
									"type": "text"
								},
								{
									"key": "slug",
									"value": "test123",
									"type": "text"
								},
								{
									"key": "generos[]",
									"value": "rpg-de-accion",
									"type": "text"
								},
								{
									"key": "generos[]",
									"value": "plataformas",
									"type": "text"
								},
								{
									"key": "generos[]",
									"value": "cartas",
									"type": "text"
								}
							]
						},
						"url": {
							"raw": "http://localhost:8000/api/juegos/edit",
							"protocol": "http",
							"host": [
								"localhost"
							],
							"port": "8000",
							"path": [
								"api",
								"juegos",
								"edit"
							]
						}
					},
					"response": []
				},
				{
					"name": "Delete game",
					"request": {
						"method": "DELETE",
						"header": [
							{
								"key": "Authorization",
								"value": "Introduzca el token!!!",
								"type": "text"
							}
						],
						"url": {
							"raw": "http://localhost:8000/api/juegos/delete/test123",
							"protocol": "http",
							"host": [
								"localhost"
							],
							"port": "8000",
							"path": [
								"api",
								"juegos",
								"delete",
								"test123"
							]
						}
					},
					"response": []
				},
				{
					"name": "Get games pagination",
					"request": {
						"method": "GET",
						"header": [],
						"url": {
							"raw": "http://localhost:8000/api/juegos/paginate?page=1&items=12&order=fechaDesc",
							"protocol": "http",
							"host": [
								"localhost"
							],
							"port": "8000",
							"path": [
								"api",
								"juegos",
								"paginate"
							],
							"query": [
								{
									"key": "page",
									"value": "1"
								},
								{
									"key": "items",
									"value": "12"
								},
								{
									"key": "order",
									"value": "fechaDesc"
								}
							]
						}
					},
					"response": []
				},
				{
					"name": "Get games random",
					"request": {
						"method": "GET",
						"header": [],
						"url": {
							"raw": "http://localhost:8000/api/juegos/random?items=12",
							"protocol": "http",
							"host": [
								"localhost"
							],
							"port": "8000",
							"path": [
								"api",
								"juegos",
								"random"
							],
							"query": [
								{
									"key": "items",
									"value": "12"
								}
							]
						}
					},
					"response": []
				}
			]
		}
	]
}